{
  "method": {
    "name": "flickr.panda.getList",
    "needslogin": 0,
    "needssigning": 0,
    "requiredperms": 0,
    "description": {
      "_content": "Return a list of <a href=\"http://www.flickr.com/explore/panda\">Flickr pandas</a>, from whom you can request photos using the <a href=\"/services/api/flickr.panda.getPhotos.htm\">flickr.panda.getPhotos</a> API method.\r\n<br/><br/>\r\nMore information about the pandas can be found on the <a href=\"http://code.flickr.com/blog/2009/03/03/panda-tuesday-the-history-of-the-panda-new-apis-explore-and-you/\">dev blog</a>."
    },
    "response": {
      "_content": "<pandas>\r\n   <panda>ling ling</panda>\r\n   <panda>hsing hsing</panda>\r\n   <panda>wang wang</panda>\r\n</pandas>"
    }
  },
  "arguments": {
    "argument": [
      {
        "name": "api_key",
        "optional": 0,
        "_content": "Your API application key. <a href=\"/services/api/misc.api_keys.html\">See here</a> for more details."
      }
    ]
  },
  "errors": {
    "error": [
      {
        "code": 100,
        "message": "Invalid API Key",
        "_content": "The API key passed was not valid or has expired."
      },
      {
        "code": 105,
        "message": "Service currently unavailable",
        "_content": "The requested service is temporarily unavailable."
      },
      {
        "code": 106,
        "message": "Write operation failed",
        "_content": "The requested operation failed due to a temporary issue."
      },
      {
        "code": 111,
        "message": "Format \"xxx\" not found",
        "_content": "The requested response format was not found."
      },
      {
        "code": 112,
        "message": "Method \"xxx\" not found",
        "_content": "The requested method was not found."
      },
      {
        "code": 114,
        "message": "Invalid SOAP envelope",
        "_content": "The SOAP envelope send in the request could not be parsed."
      },
      {
        "code": 115,
        "message": "Invalid XML-RPC Method Call",
        "_content": "The XML-RPC request document could not be parsed."
      },
      {
        "code": 116,
        "message": "Bad URL found",
        "_content": "One or more arguments contained a URL that has been used for abuse on Flickr."
      }
    ]
  },
  "stat": "ok"
}