{
  "method": {
    "name": "flickr.groups.discuss.topics.getList",
    "needslogin": 0,
    "needssigning": 0,
    "requiredperms": 0,
    "description": {
      "_content": "Get a list of discussion topics in a group."
    },
    "response": {
      "_content": "<rsp stat=\"ok\">\r\n  <topics group_id=\"46744914@N00\" iconserver=\"1\" iconfarm=\"1\" name=\"Tell a story in 5 frames (Visual story telling)\" members=\"12428\" privacy=\"3\" lang=\"en-us\" ispoolmoderated=\"1\" total=\"4621\" page=\"1\" per_page=\"2\" pages=\"2310\">\r\n    <topic id=\"72157625038324579\" subject=\"A long time ago in a galaxy far, far away...\" author=\"53930889@N04\" authorname=\"Smallportfolio_jm08\" role=\"member\" iconserver=\"5169\" iconfarm=\"6\" count_replies=\"8\" can_edit=\"0\" can_delete=\"0\" can_reply=\"0\" is_sticky=\"0\" is_locked=\"\" datecreate=\"1287070965\" datelastpost=\"1336905518\">\r\n      <message>&lt;div&gt;&lt;span class=&quot;photo_container pc_m bbml_img&quot;&gt;&lt;a href=&quot;/photos/53930889@N04/5080874079/&quot; title=&quot;Star Wars 1 by Smallportfolio_jm08&quot;&gt;&lt;img class=&quot;notsowide&quot; src=&quot;http://farm5.staticflickr.com/4035/5080874079_684cf874e0_m.jpg&quot; width=&quot;240&quot; height=&quot;180&quot; alt=&quot;Star Wars 1 by Smallportfolio_jm08&quot;  class=&quot;pc_img&quot; border=&quot;0&quot; /&gt;&lt;/a&gt;&lt;/span&gt;&lt;/div&gt;\r\n\r\n&lt;div&gt;&lt;span class=&quot;photo_container pc_m bbml_img&quot;&gt;&lt;a href=&quot;/photos/53930889@N04/5081467846/&quot; title=&quot;Star Wars 2 by Smallportfolio_jm08&quot;&gt;&lt;img class=&quot;notsowide&quot; src=&quot;http://farm5.staticflickr.com/4071/5081467846_2eec86176d_m.jpg&quot; width=&quot;240&quot; height=&quot;180&quot; alt=&quot;Star Wars 2 by Smallportfolio_jm08&quot;  class=&quot;pc_img&quot; border=&quot;0&quot; /&gt;&lt;/a&gt;&lt;/span&gt;&lt;/div&gt;\r\n\r\n&lt;div&gt;&lt;span class=&quot;photo_container pc_m bbml_img&quot;&gt;&lt;a href=&quot;/photos/53930889@N04/5081467886/&quot; title=&quot;Star Wars 3 by Smallportfolio_jm08&quot;&gt;&lt;img class=&quot;notsowide&quot; src=&quot;http://farm5.staticflickr.com/4021/5081467886_d8cca6c8e8_m.jpg&quot; width=&quot;240&quot; height=&quot;180&quot; alt=&quot;Star Wars 3 by Smallportfolio_jm08&quot;  class=&quot;pc_img&quot; border=&quot;0&quot; /&gt;&lt;/a&gt;&lt;/span&gt;&lt;/div&gt;\r\n\r\n&lt;div&gt;&lt;span class=&quot;photo_container pc_m bbml_img&quot;&gt;&lt;a href=&quot;/photos/53930889@N04/5081467910/&quot; title=&quot;Star Wars 4 by Smallportfolio_jm08&quot;&gt;&lt;img class=&quot;notsowide&quot; src=&quot;http://farm5.staticflickr.com/4084/5081467910_274bb11fdc_m.jpg&quot; width=&quot;240&quot; height=&quot;180&quot; alt=&quot;Star Wars 4 by Smallportfolio_jm08&quot;  class=&quot;pc_img&quot; border=&quot;0&quot; /&gt;&lt;/a&gt;&lt;/span&gt;&lt;/div&gt;\r\n\r\n&lt;div&gt;&lt;span class=&quot;photo_container pc_m bbml_img&quot;&gt;&lt;a href=&quot;/photos/53930889@N04/5081467948/&quot; title=&quot;Star Wars 5 by Smallportfolio_jm08&quot;&gt;&lt;img class=&quot;notsowide&quot; src=&quot;http://farm5.staticflickr.com/4154/5081467948_1a5f200bc0_m.jpg&quot; width=&quot;240&quot; height=&quot;180&quot; alt=&quot;Star Wars 5 by Smallportfolio_jm08&quot;  class=&quot;pc_img&quot; border=&quot;0&quot; /&gt;&lt;/a&gt;&lt;/span&gt;&lt;/div&gt;</message>\r\n    </topic>\r\n    <topic id=\"72157629635119774\" subject=\"Where The Fish Are\" author=\"75240402@N04\" authorname=\"Nokinrocks\" role=\"member\" iconserver=\"7027\" iconfarm=\"8\" count_replies=\"0\" can_edit=\"0\" can_delete=\"0\" can_reply=\"0\" is_sticky=\"0\" is_locked=\"\" datecreate=\"1336485653\" datelastpost=\"1336485653\">\r\n      <message>&lt;a href=&quot;http://www.flickr.com/photos/nokinrocks/7120495637/&quot;&gt;&lt;img class=&quot;notsowide&quot; src=&quot;http://farm9.staticflickr.com/8005/7120495637_fec0382b4b_n.jpg&quot; width=&quot;320&quot; height=&quot;256&quot; alt=&quot;Step It Up&quot; /&gt;&lt;/a&gt;\r\n\r\n&lt;a href=&quot;http://www.flickr.com/photos/nokinrocks/7122908705/&quot;&gt;&lt;img class=&quot;notsowide&quot; src=&quot;http://farm8.staticflickr.com/7259/7122908705_3bef338378_n.jpg&quot; width=&quot;240&quot; height=&quot;320&quot; alt=&quot;P1050351&quot; /&gt;&lt;/a&gt;\r\n\r\n&lt;a href=&quot;http://www.flickr.com/photos/nokinrocks/7122922123/&quot;&gt;&lt;img class=&quot;notsowide&quot; src=&quot;http://farm8.staticflickr.com/7052/7122922123_2bfcb6707c_n.jpg&quot; width=&quot;214&quot; height=&quot;320&quot; alt=&quot;Frog On A Log&quot; /&gt;&lt;/a&gt;\r\n\r\n&lt;a href=&quot;http://www.flickr.com/photos/nokinrocks/7122929521/&quot;&gt;&lt;img class=&quot;notsowide&quot; src=&quot;http://farm8.staticflickr.com/7047/7122929521_8ffebdd424_n.jpg&quot; width=&quot;320&quot; height=&quot;200&quot; alt=&quot;P1050397&quot; /&gt;&lt;/a&gt;\r\n\r\n&lt;a href=&quot;http://www.flickr.com/photos/nokinrocks/7122916999/&quot;&gt;&lt;img class=&quot;notsowide&quot; src=&quot;http://farm8.staticflickr.com/7200/7122916999_a7328f9dcc_n.jpg&quot; width=&quot;320&quot; height=&quot;261&quot; alt=&quot;P1050361&quot; /&gt;&lt;/a&gt;</message>\r\n    </topic>\r\n  </topics>\r\n</rsp>"
    }
  },
  "arguments": {
    "argument": [
      {
        "name": "api_key",
        "optional": 0,
        "_content": "Your API application key. <a href=\"/services/api/misc.api_keys.html\">See here</a> for more details."
      },
      {
        "name": "group_id",
        "optional": "0",
        "_content": "The NSID or path alias of the group to fetch information for."
      },
      {
        "name": "per_page",
        "optional": "1",
        "_content": "Number of photos to return per page. If this argument is omitted, it defaults to 100. The maximum allowed value is 500."
      },
      {
        "name": "page",
        "optional": "1",
        "_content": "The page of results to return. If this argument is omitted, it defaults to 1."
      }
    ]
  },
  "errors": {
    "error": [
      {
        "code": "1",
        "message": "Group not found",
        "_content": "The group_id is invalid"
      },
      {
        "code": 100,
        "message": "Invalid API Key",
        "_content": "The API key passed was not valid or has expired."
      },
      {
        "code": 105,
        "message": "Service currently unavailable",
        "_content": "The requested service is temporarily unavailable."
      },
      {
        "code": 106,
        "message": "Write operation failed",
        "_content": "The requested operation failed due to a temporary issue."
      },
      {
        "code": 111,
        "message": "Format \"xxx\" not found",
        "_content": "The requested response format was not found."
      },
      {
        "code": 112,
        "message": "Method \"xxx\" not found",
        "_content": "The requested method was not found."
      },
      {
        "code": 114,
        "message": "Invalid SOAP envelope",
        "_content": "The SOAP envelope send in the request could not be parsed."
      },
      {
        "code": 115,
        "message": "Invalid XML-RPC Method Call",
        "_content": "The XML-RPC request document could not be parsed."
      },
      {
        "code": 116,
        "message": "Bad URL found",
        "_content": "One or more arguments contained a URL that has been used for abuse on Flickr."
      }
    ]
  },
  "stat": "ok"
}