{
  "method": {
    "name": "flickr.people.getPublicPhotos",
    "needslogin": 0,
    "needssigning": 0,
    "requiredperms": 0,
    "description": {
      "_content": "Get a list of public photos for the given user."
    }
  },
  "arguments": {
    "argument": [
      {
        "name": "api_key",
        "optional": 0,
        "_content": "Your API application key. <a href=\"/services/api/misc.api_keys.html\">See here</a> for more details."
      },
      {
        "name": "user_id",
        "optional": "0",
        "_content": "The NSID of the user who's photos to return."
      },
      {
        "name": "safe_search",
        "optional": "1",
        "_content": "Safe search setting:\r\n\r\n<ul>\r\n<li>1 for safe.</li>\r\n<li>2 for moderate.</li>\r\n<li>3 for restricted.</li>\r\n</ul>\r\n\r\n(Please note: Un-authed calls can only see Safe content.)"
      },
      {
        "name": "extras",
        "optional": 1,
        "_content": "A comma-delimited list of extra information to fetch for each returned record. Currently supported fields are: <code>description</code>, <code>license</code>, <code>date_upload</code>, <code>date_taken</code>, <code>owner_name</code>, <code>icon_server</code>, <code>original_format</code>, <code>last_update</code>, <code>geo</code>, <code>tags</code>, <code>machine_tags</code>, <code>o_dims</code>, <code>views</code>, <code>media</code>, <code>path_alias</code>, <code>url_sq</code>, <code>url_t</code>, <code>url_s</code>, <code>url_q</code>, <code>url_m</code>, <code>url_n</code>, <code>url_z</code>, <code>url_c</code>, <code>url_l</code>, <code>url_o</code>"
      },
      {
        "name": "per_page",
        "optional": 1,
        "_content": "Number of photos to return per page. If this argument is omitted, it defaults to 100. The maximum allowed value is 500."
      },
      {
        "name": "page",
        "optional": 1,
        "_content": "The page of results to return. If this argument is omitted, it defaults to 1."
      }
    ]
  },
  "errors": {
    "error": [
      {
        "code": "1",
        "message": "User not found",
        "_content": "The user NSID passed was not a valid user NSID."
      },
      {
        "code": 100,
        "message": "Invalid API Key",
        "_content": "The API key passed was not valid or has expired."
      },
      {
        "code": 105,
        "message": "Service currently unavailable",
        "_content": "The requested service is temporarily unavailable."
      },
      {
        "code": 106,
        "message": "Write operation failed",
        "_content": "The requested operation failed due to a temporary issue."
      },
      {
        "code": 111,
        "message": "Format \"xxx\" not found",
        "_content": "The requested response format was not found."
      },
      {
        "code": 112,
        "message": "Method \"xxx\" not found",
        "_content": "The requested method was not found."
      },
      {
        "code": 114,
        "message": "Invalid SOAP envelope",
        "_content": "The SOAP envelope send in the request could not be parsed."
      },
      {
        "code": 115,
        "message": "Invalid XML-RPC Method Call",
        "_content": "The XML-RPC request document could not be parsed."
      },
      {
        "code": 116,
        "message": "Bad URL found",
        "_content": "One or more arguments contained a URL that has been used for abuse on Flickr."
      }
    ]
  },
  "stat": "ok"
}